searchterm, exclude
acura_cl,
acura_el,
acura_ilx,
acura_integra,
acura_kang,
acura_legend,
acura_mdx,
acura_nsx,
acura_rdx,
acura_rl,
acura_rsx,
acura_slx,
acura_tl,
acura_tlx,
acura_tsx,
acura_tsx_wagon,
acura_vigor,
acura_xl,
acura_zdx,
alfa_romeo_4c,
alfa_romeo_alfetta_gt,
alfa_romeo_spider,
am_general_hmmvw,
am_general_hummer,
am_general_hummer_h1,
am_general_jeep_dj-5,
amc_ambassador,
amc_amx,
amc_eagle,
amc_eagle_wagon,
amc_hornet,
amc_javelin,
amc_rambler,
aston_martin_db9,
aston_martin_vantage,
audi_100,
audi_80,
audi_90,
audi_a3,
audi_a4,
audi_a4_avant,
audi_a4_avant_wagon,
audi_a4_cabriolet,
audi_a4_wagon,
audi_a5,
audi_a5_cabriolet,
audi_a6,
audi_a6_quattro,
audi_a6_quattro_wagon,
audi_a7,
audi_a8,
audi_allroad,
audi_cabaret,
audi_cabriolet,
audi_q5,
audi_q7,
audi_r8,
audi_rs4,
audi_s3,
audi_s4,
audi_s4_avant,
audi_s5,
audi_s6,
audi_s8,
audi_tt,
bentley_arnage,
bentley_brooklands,
bentley_continental,
bentley_turbo_r,
blakely_bearcat,
bmw_128i,
bmw_135i,
bmw_135i_convertible,
bmw_318i,
bmw_318i_convertible,
bmw_320i,
bmw_323i,
bmw_325ci,
bmw_325e,
bmw_325es,
bmw_325i,
bmw_325i_wagon,
bmw_325is,
bmw_325xi,
bmw_325xi_wagon,
bmw_328i,
bmw_328ic,
bmw_328is,
bmw_328xi,
bmw_330ci,
bmw_330i,
bmw_330xi,
bmw_335i,
bmw_335xi,
bmw_3series,
bmw_428i,
bmw_435i,
bmw_523i,
bmw_525i,
bmw_525xi,
bmw_528e,
bmw_528i,
bmw_528xi,
bmw_530i,
bmw_530xi,
bmw_530xi_wagon,
bmw_535i,
bmw_535xi,
bmw_538i,
bmw_539i,
bmw_540i,
bmw_545i,
bmw_550i,
bmw_5series,
bmw_633csi,
bmw_635csi,
bmw_640i,
bmw_645ci,
bmw_645i,
bmw_650i,
bmw_650i_convertible,
bmw_730i,
bmw_733i,
bmw_735i,
bmw_740i,
bmw_745i,
bmw_750i,
bmw_760i,
bmw_7series,
bmw_840ci,
bmw_850ci,
bmw_850i,
bmw_e30,
bmw_e36,
bmw_e39,
bmw_e46,
bmw_e53,
bmw_e93,
bmw_i3,
bmw_m3,
bmw_m3_convertible,
bmw_m5,
bmw_m6,
bmw_m_roadster,
bmw_x1,
bmw_x3,
bmw_x5,
bmw_x6,
bmw_z3,
bmw_z4,
bradley_gt,
buick_apollo,
buick_centiroun,
buick_century,
buick_electra,
buick_enclave,
buick_encore,
buick_grandnational,
buick_gs,
buick_invicta,
buick_lacrosse,
buick_lesabre,
buick_lucerne,
buick_parkavenue,
buick_rainier,
buick_reatta,
buick_regal,
buick_rendezvous,
buick_riviera,
buick_roadmaster,
buick_skylark,
buick_special,
buick_super,
buick_t_type,
buick_terraza,
buick_ultra,
buick_verano,
buick_wildcat,
cadillac_allante,
cadillac_ats,
cadillac_brougham,
cadillac_calais,
cadillac_catera,
cadillac_cimarron,
cadillac_cts,
cadillac_cts_wagon,
cadillac_deville,
cadillac_eldorado,
cadillac_escalade,
cadillac_fleetwood,
cadillac_hearse,
cadillac_seville,
cadillac_srx,
cadillac_sts,
cadillac_xlr,
cadillac_xts,
can_am_outlander,
can_am_spyder,
chevrolet_1_ton,
chevrolet_210,
chevrolet_3100,
chevrolet_3600,
chevrolet_apache,
chevrolet_astor,
chevrolet_astro,
chevrolet_avalanche,
chevrolet_aveo,
chevrolet_bel_air,
chevrolet_beretta,
chevrolet_blazer,
chevrolet_bonanza,
chevrolet_c-k1500,
chevrolet_c-k2500,
chevrolet_c-k3500,
chevrolet_c10,
chevrolet_c20,
chevrolet_c30,
chevrolet_c5500,
chevrolet_c60,
chevrolet_c65,
chevrolet_c6500,
chevrolet_camaro,
chevrolet_caprice,
chevrolet_captiva,
chevrolet_cavalier,
chevrolet_celebrity,
chevrolet_chevelle,
chevrolet_chevette,
chevrolet_cheyenne,
chevrolet_classic,
chevrolet_cobalt,
chevrolet_colorado,
chevrolet_corsica,
chevrolet_corvair,
chevrolet_corvette,
chevrolet_cruze,
chevrolet_delray,
chevrolet_deluxe,
chevrolet_el_camino,
chevrolet_equinox,
chevrolet_express,
chevrolet_fleetline,
chevrolet_fleetmaster,
chevrolet_fleetside,
chevrolet_g10,
chevrolet_g20,
chevrolet_g30,
chevrolet_hhr,
chevrolet_impala,
chevrolet_k10,
chevrolet_k20,
chevrolet_kodiak,
chevrolet_lumina,
chevrolet_malibu,
chevrolet_metro,
chevrolet_montecarlo,
chevrolet_monza,
chevrolet_nomad,
chevrolet_nova,
chevrolet_optra,
chevrolet_orlando,
chevrolet_pickup,
chevrolet_prizm,
chevrolet_s10,
chevrolet_scottsdale,
chevrolet_sierra,
chevrolet_silverado,
chevrolet_silverado_3500,
chevrolet_sonic,
chevrolet_spark,
chevrolet_ss,
chevrolet_ssr,
chevrolet_stepside,
chevrolet_styleline,
chevrolet_stylemaster,
chevrolet_suburban,
chevrolet_tahoe,
chevrolet_tracker,
chevrolet_trailblazer,
chevrolet_traverse,
chevrolet_uplander,
chevrolet_v10,
chevrolet_v20,
chevrolet_vega,
chevrolet_venture,
chevrolet_volt,
chevrolet_yukon,
chrysler_200,
chrysler_300,
chrysler_aspen,
chrysler_cirrus,
chrysler_concorde,
chrysler_conquest,
chrysler_cordoba,
chrysler_crossfire,
chrysler_fifth_avenue,
chrysler_imperial,
chrysler_intrepid,
chrysler_lebaron,
chrysler_lhs,
chrysler_new_yorker,
chrysler_newport,
chrysler_pacifica,
chrysler_pt_cruiser,
chrysler_royal,
chrysler_sebring,
chrysler_town&country,
chrysler_voyager,
chrysler_windsor,
citroen_ds5,
citroen_mehari,
daewoo_lanos,
daewoo_leganza,
daewoo_nubira,
daihatsu_rocky,
daihatsu_yrv,
datsun_240z,
datsun_260z,
datsun_280z,
datsun_b210,
datsun_nissan,
dodge_aspen,
dodge_attitude,
dodge_avenger,
dodge_caliber,
dodge_challenger,
dodge_charger,
dodge_colt,
dodge_coronet,
dodge_cummins,
dodge_d100,
dodge_d150,
dodge_d200,
dodge_d250,
dodge_d350,
dodge_dakota,
dodge_dart,
dodge_daytona,
dodge_demon,
dodge_durango,
dodge_dynasty,
dodge_grand_caravan,
dodge_intrepid,
dodge_journey,
dodge_magnum,
dodge_monaco,
dodge_neon,
dodge_nitro,
dodge_polara,
dodge_ram_1500,
dodge_ram_2500,
dodge_ram_3500,
dodge_ram_4500,
dodge_ram_5500,
dodge_ramcharger,
dodge_rumble_bee,
dodge_shadow,
dodge_spirit,
dodge_stealth,
dodge_stratus,
dodge_viper,
dodge_w100,
dodge_w150,
dodge_w200,
dodge_w250,
dodge_w350,
eagle_talon,
ferrari_360_modena,
ferrari_daytona,
ferrari_dino,
ferrari_f430,
ferrari_gtm,
ferrari_testarossa,
fiat_doblo,
fiat_five_hundred,
fiat_spider,
fiat_x19,
ford_aerostar,
ford_anglia,
ford_aspire,
ford_bronco,
ford_c-max,
ford_cabriolet,
ford_contour,
ford_coupe,
ford_courier,
ford_crown_victoria,
ford_deluxe,
ford_e150,
ford_e250,
ford_e350,
ford_e450,
ford_edge,
ford_escape,
ford_escort,
ford_escort_wagon,
ford_excursion,
ford_expedition,
ford_explorer,
ford_f100,
ford_f150,
ford_f250,
ford_f350,
ford_f450,
ford_fairlane,
ford_falcon,
ford_festiva,
ford_fiesta,
ford_five_hundred,
ford_flex,
ford_focus,
ford_freestar,
ford_freestyle,
ford_fusion,
ford_galaxie,
ford_granada,
ford_grand_torino,
ford_lincoln,
ford_maverick,
ford_mustang,
ford_mustang_convertible,
ford_mustang_gt,
ford_mustang_gt_convertible,
ford_mustang_mach,
ford_pinto,
ford_powerstroke,
ford_probe,
ford_ranchero,
ford_ranger,
ford_rat_rod,
ford_roadster,
ford_super_deluxe,
ford_super_duty,
ford_t,
ford_taurus,
ford_taurus_wagon,
ford_tempo,
ford_thunderbird,
ford_transit,
ford_windstar,
ford_woody,
gmc_acadia,
gmc_c1000,
gmc_c1500,
gmc_c2500,
gmc_c3500,
gmc_c4500,
gmc_c5500,
gmc_c6500,
gmc_c7500,
gmc_caballero,
gmc_canyon,
gmc_denali,
gmc_envoy,
gmc_jimmy,
gmc_k10,
gmc_k15,
gmc_k1500,
gmc_k20,
gmc_k2500,
gmc_k3500,
gmc_safari,
gmc_savana,
gmc_savana_2500,
gmc_savana_3500,
gmc_sierra_1500,
gmc_sierra_2500,
gmc_sierra_3500,
gmc_sonoma,
gmc_suburban_1500,
gmc_suburban_2500,
gmc_terrain,
gmc_topkick,
gmc_vandura,
gmc_yukon_1500,
gmc_yukon_2500,
holden_commodore,
honda_accord,
honda_accord_2_door,
honda_accord_wagon,
honda_beat,
honda_city,
honda_civic,
honda_civic_coupe,
honda_civic_hatchback,
honda_cr-v,
honda_cr-z,
honda_crosstour,
honda_crx,
honda_delsol,
honda_element,
honda_fit,
honda_hr-v,
honda_insight,
honda_jazz,
honda_odyssey,
honda_passport,
honda_pilot,
honda_prelude,
honda_ridgeline,
honda_s2000,
hummer_h1,
hummer_h2,
hummer_h3,
hyundai_accent,
hyundai_azera,
hyundai_elantra,
hyundai_elantra_wagon,
hyundai_entourage,
hyundai_equus,
hyundai_excel,
hyundai_genesis,
hyundai_genesis_coupe,
hyundai_santafe,
hyundai_sonata,
hyundai_tiburon,
hyundai_tucson,
hyundai_veloster,
hyundai_veracruz,
hyundai_volester,
hyundai_xg300,
hyundai_xg350,
infiniti_fx35,
infiniti_fx45,
infiniti_fx50s,
infiniti_g20,
infiniti_g25,
infiniti_g35,
infiniti_g35_coupe,
infiniti_g37,
infiniti_i30,
infiniti_i35,
infiniti_j30,
infiniti_m30,
infiniti_m35,
infiniti_m45,
infiniti_q45,
infiniti_q50,
infiniti_qx30,
infiniti_qx4,
infiniti_qx50,
infiniti_qx56,
isuzu_amigo,
isuzu_ascender,
isuzu_axiom,
isuzu_hombre,
isuzu_npr,
isuzu_nqr,
isuzu_pickup,
isuzu_rodeo,
isuzu_trooper,
isuzu_vehicross,
jaguar_s-type,
jaguar_vandenplas,
jaguar_x-type,
jaguar_xf,
jaguar_xj,
jaguar_xj_convertible,
jaguar_xk,
jeep_cherokee,
jeep_cj5,
jeep_cj7,
jeep_comanche,
jeep_commander,
jeep_compass,
jeep_gladiator,
jeep_grand_cherokee,
jeep_grand_wagoneer,
jeep_j10,
jeep_j8,
jeep_kaiser,
jeep_liberty,
jeep_patriot,
jeep_renegade,
jeep_scrambler,
jeep_wagoneer,
jeep_wrangler,
jeep_wrangler_rubicon,
jeep_wrangler_sahara,
jeep_wrangler_tj,
jeep_wrangler_unlimited,
kia_amanti,
kia_cadenza,
kia_ceed,
kia_forte,
kia_magentis,
kia_optima,
kia_rio,
kia_rio_wagon,
kia_rondo,
kia_sedona,
kia_sephia,
kia_sorento,
kia_soul,
kia_spectra,
kia_spectra5,
kia_sportage,
lamborghini_gallardo,
landrover_defender,
landrover_discovery,
landrover_freelander,
landrover_lr2,
landrover_lr3,
landrover_lr4,
landrover_rangerover,
lexus_ct,
lexus_es300,
lexus_es330,
lexus_es350,
lexus_gs300,
lexus_gs350,
lexus_gs400,
lexus_gs430,
lexus_gs450,
lexus_gs460,
lexus_gx370,
lexus_gx450,
lexus_gx460,
lexus_gx470,
lexus_hs250h,
lexus_is200,
lexus_is250,
lexus_is300,
lexus_is350,
lexus_ls400,
lexus_ls430,
lexus_ls460,
lexus_lx450,
lexus_lx470,
lexus_lx570,
lexus_nx200t,
lexus_rc350,
lexus_rx300,
lexus_rx330,
lexus_rx350,
lexus_rx400h,
lexus_sc300,
lexus_sc400,
lexus_sc430,
lincoln_aviator,
lincoln_blackwood,
lincoln_continental,
lincoln_cosmopolitan,
lincoln_limousine,
lincoln_ls,
lincoln_mark_iii,
lincoln_mark_iv,
lincoln_mark_lt,
lincoln_mark_v,
lincoln_mark_vi,
lincoln_mark_vii,
lincoln_mark_viii,
lincoln_mks,
lincoln_mkt,
lincoln_mkx,
lincoln_mkz,
lincoln_navigator,
lincoln_premiere,
lincoln_towncar,
lincoln_zephyr,
lotus_elan,
lotus_elise,
lotus_esprit,
lotus_evora,
maserati_biturbo,
maserati_ghibli,
maserati_gransport,
maserati_granturismo,
maserati_quattroporte,
maserati_spyder,
maserati_tc,
mazda_2,
mazda_3,
mazda_323,
mazda_3_hatchback,
mazda_5,
mazda_6,
mazda_626,
mazda_6_wagon,
mazda_929,
mazda_b2000,
mazda_b2200,
mazda_b2300,
mazda_b2500,
mazda_b2600,
mazda_b3000,
mazda_b4000,
mazda_cx5,
mazda_cx7,
mazda_cx9,
mazda_millenia,
mazda_mpv,
mazda_mx3,
mazda_mx5_miata,
mazda_mx6,
mazda_navajo,
mazda_protege,
mazda_rx7,
mazda_rx8,
mazda_speed3,
mazda_speed6,
mazda_tribute,
mercedes_benz_190,
mercedes_benz_190d,
mercedes_benz_220d,
mercedes_benz_240d,
mercedes_benz_300d,
mercedes_benz_b200,
mercedes_benz_b200t,
mercedes_benz_c220,
mercedes_benz_c230,
mercedes_benz_c240,
mercedes_benz_c250,
mercedes_benz_c280,
mercedes_benz_c300,
mercedes_benz_c32,
mercedes_benz_c320,
mercedes_benz_c350,
mercedes_benz_c55,
mercedes_benz_cd300,
mercedes_benz_ce300,
mercedes_benz_cl500,
mercedes_benz_cl550,
mercedes_benz_cl600,
mercedes_benz_cla250,
mercedes_benz_clk240,
mercedes_benz_clk320,
mercedes_benz_clk350,
mercedes_benz_clk430,
mercedes_benz_clk500,
mercedes_benz_clk55,
mercedes_benz_clk550,
mercedes_benz_cls500,
mercedes_benz_cls550,
mercedes_benz_e190,
mercedes_benz_e300,
mercedes_benz_e320,
mercedes_benz_e320_wagon,
mercedes_benz_e350,
mercedes_benz_e350_wagon,
mercedes_benz_e420,
mercedes_benz_e430,
mercedes_benz_e500,
mercedes_benz_e55,
mercedes_benz_e550,
mercedes_benz_e63,
mercedes_benz_gl320,
mercedes_benz_gl350,
mercedes_benz_gl450,
mercedes_benz_gl550,
mercedes_benz_gla250,
mercedes_benz_gla45,
mercedes_benz_glk350,
mercedes_benz_ht350,
mercedes_benz_ml320,
mercedes_benz_ml350,
mercedes_benz_ml430,
mercedes_benz_ml500,
mercedes_benz_ml55,
mercedes_benz_ml550,
mercedes_benz_r350,
mercedes_benz_r500,
mercedes_benz_s280,
mercedes_benz_s320,
mercedes_benz_s350,
mercedes_benz_s420,
mercedes_benz_s430,
mercedes_benz_s500,
mercedes_benz_s55,
mercedes_benz_s550,
mercedes_benz_s600,
mercedes_benz_s65,
mercedes_benz_sd300,
mercedes_benz_sdl300,
mercedes_benz_se280,
mercedes_benz_se380,
mercedes_benz_se400,
mercedes_benz_se450,
mercedes_benz_sel300,
mercedes_benz_sel400,
mercedes_benz_sel420,
mercedes_benz_sel450,
mercedes_benz_sel600,
mercedes_benz_sl300,
mercedes_benz_sl320,
mercedes_benz_sl380,
mercedes_benz_sl450,
mercedes_benz_sl500,
mercedes_benz_sl55,
mercedes_benz_sl550,
mercedes_benz_sl560,
mercedes_benz_sl600,
mercedes_benz_slc450,
mercedes_benz_slk230,
mercedes_benz_slk280,
mercedes_benz_slk300,
mercedes_benz_slk320,
mercedes_benz_slk350,
mercedes_benz_slk55,
mercedes_benz_slr,
mercedes_benz_sprinter,
mercedes_benz_td300,
mercury_capri,
mercury_comet,
mercury_cougar,
mercury_cyclone,
mercury_grandmarquis,
mercury_marauder,
mercury_mariner,
mercury_milan,
mercury_montclair,
mercury_montego,
mercury_monterey,
mercury_mountaineer,
mercury_mystique,
mercury_parklane,
mercury_sable,
mercury_topaz,
mercury_tracer,
mercury_villager,
mg_mgb,
mg_mgb_mk2,
mg_mgb_mk5,
mg_midget,
mini_austin,
mini_cooper,
mini_cooper_countryman,
mitsubishi_3000gt,
mitsubishi_chariot,
mitsubishi_colt,
mitsubishi_delica,
mitsubishi_diamante,
mitsubishi_eclipse,
mitsubishi_eclipse_convertible,
mitsubishi_endeavor,
mitsubishi_fuso,
mitsubishi_galant,
mitsubishi_lancer,
mitsubishi_mighty_max,
mitsubishi_mirage,
mitsubishi_montero,
mitsubishi_outlander,
mitsubishi_raider,
mitsubishi_starion,
morris_minor,
nash_metropolitan,
nissan_200sx,
nissan_240sx,
nissan_300zx,
nissan_350z,
nissan_370z,
nissan_720,
nissan_altima,
nissan_armada,
nissan_cima,
nissan_cube,
nissan_d21,
nissan_frontier,
nissan_gtr,
nissan_hardbody,
nissan_juke,
nissan_leaf,
nissan_maxima,
nissan_murano,
nissan_nv200,
nissan_pathfinder,
nissan_presage,
nissan_pulsar,
nissan_quest,
nissan_rogue,
nissan_sentra,
nissan_skyline,
nissan_stanza,
nissan_titan,
nissan_truck,
nissan_versa,
nissan_x-trail,
nissan_xterra,
oldsmobile_442,
oldsmobile_achieva,
oldsmobile_alero,
oldsmobile_aurora,
oldsmobile_bravada,
oldsmobile_cutlass,
oldsmobile_eightyeight,
oldsmobile_intrigue,
oldsmobile_ninetyeight,
oldsmobile_omega,
oldsmobile_silhouette,
oldsmobile_starfire,
oldsmobile_toronado,
opel_astra,
opel_gt,
opel_kadett,
opel_vivaro,
packard_super8,
peugeot_3008,
peugeot_407_wagon,
plymouth_acclaim,
plymouth_barracuda,
plymouth_belvedere,
plymouth_breeze,
plymouth_colt,
plymouth_cranbrook,
plymouth_deluxe,
plymouth_duster,
plymouth_fury,
plymouth_gtx,
plymouth_horizon,
plymouth_laser,
plymouth_neon,
plymouth_prowler,
plymouth_reliant,
plymouth_roadrunner,
plymouth_satellite,
plymouth_savoy,
plymouth_scamp,
plymouth_sundance,
plymouth_trailduster,
plymouth_valiant,
plymouth_volare,
plymouth_voyager,
polaris_slingshot,
pontiac_aztek,
pontiac_bonneville,
pontiac_catalina,
pontiac_chieftain,
pontiac_fiero,
pontiac_firebird,
pontiac_g39,
pontiac_g5,
pontiac_g6,
pontiac_g8,
pontiac_grandam,
pontiac_grandprix,
pontiac_grandville,
pontiac_gto,
pontiac_lemans,
pontiac_montana,
pontiac_parisienne,
pontiac_pursuit,
pontiac_solstice,
pontiac_starchief,
pontiac_sunbird,
pontiac_sunfire,
pontiac_tempest,
pontiac_torrent,
pontiac_transam,
pontiac_ventura,
pontiac_vibe,
pontiac_wave,
porsche_911,
porsche_912,
porsche_914,
porsche_917,
porsche_924,
porsche_928,
porsche_930,
porsche_944,
porsche_997,
porsche_boxster,
porsche_cayenne,
porsche_cayman,
porsche_panamera,
ram_1500,
ram_2500,
ram_3500,
rambler_american,
rambler_rogue,
renault_captur,
rollsroyce_corniche,
rollsroyce_silvershadow,
rollsroyce_silverspur,
saab_9-2,
saab_9-3,
saab_9-3_convertible,
saab_9-5,
saab_9-6,
saab_9-7,
saab_900,
saturn_astra,
saturn_aura,
saturn_ion,
saturn_l100,
saturn_l200,
saturn_l300,
saturn_ls,
saturn_lw200,
saturn_lw300,
saturn_outlook,
saturn_relay,
saturn_sc1,
saturn_sc2,
saturn_sky,
saturn_sl,
saturn_sl1,
saturn_sl2,
saturn_sl2_wagon,
saturn_sw2,
saturn_view,
saturn_vue,
scion_frs,
scion_iq,
scion_tc,
scion_xa,
scion_xb,
scion_xd,
smart_fortwo,
studebaker_champion,
studebaker_commander,
studebaker_flatbed,
studebaker_lark,
subaru_360,
subaru_baja,
subaru_brat,
subaru_brz,
subaru_crosstrek,
subaru_forester,
subaru_gl10,
subaru_impreza,
subaru_impreza_wagon,
subaru_legacy,
subaru_outback,
subaru_svx,
subaru_tribeca,
subaru_wrx,
sunbeam_rapier,
suzuki_aerio,
suzuki_boulevard,
suzuki_equator,
suzuki_esteem,
suzuki_esteem_wagon,
suzuki_forenza,
suzuki_grand_vitara,
suzuki_kizashi,
suzuki_reno,
suzuki_samurai,
suzuki_sidekick,
suzuki_swift,
suzuki_sx4,
suzuki_verona,
suzuki_vitara,
suzuki_x90,
suzuki_xl7,
tesla_s,
toyota_1-ton_truck,
toyota_4runner,
toyota_aristo,
toyota_avalon,
toyota_camry,
toyota_camry_le,
toyota_camry_se,
toyota_camry_solara,
toyota_camry_solara_convertible,
toyota_camry_xle,
toyota_celica,
toyota_celica_convertible,
toyota_corolla,
toyota_corolla_ce,
toyota_corolla_dx,
toyota_corolla_le,
toyota_corolla_s,
toyota_corolla_wagon,
toyota_cressida,
toyota_echo,
toyota_estima,
toyota_fj40,
toyota_fjcruiser,
toyota_flatbed,
toyota_fortuner,
toyota_hiace,
toyota_highlander,
toyota_hilux,
toyota_landcruiser,
toyota_matrix,
toyota_mr2,
toyota_paseo,
toyota_pickup,
toyota_previa,
toyota_prius,
toyota_rav4,
toyota_scion,
toyota_sequoia,
toyota_sienna,
toyota_solara,
toyota_solara_convertable,
toyota_solara_convertible,
toyota_starlet,
toyota_supra,
toyota_t100,
toyota_tacoma,
toyota_tercel,
toyota_tiara,
toyota_tundra,
toyota_van,
toyota_venza,
toyota_yaris,
triumph_gt6,
triumph_spitfire,
triumph_tr,
triumph_vitesse,
volkswagen_atlantic,
volkswagen_beetle,
volkswagen_bug,
volkswagen_bus,
volkswagen_cabrio,
volkswagen_cabriolet,
volkswagen_camper,
volkswagen_cc,
volkswagen_corrado,
volkswagen_dunebuggy,
volkswagen_eos,
volkswagen_eurovan,
volkswagen_fox,
volkswagen_golf,
volkswagen_gti,
volkswagen_jetta,
volkswagen_jetta_wagon,
volkswagen_karmannghia,
volkswagen_newbeetle,
volkswagen_passat,
volkswagen_passat_wagon,
volkswagen_phaeton,
volkswagen_r32,
volkswagen_rabbit,
volkswagen_routan,
volkswagen_scirocco,
volkswagen_squareback,
volkswagen_superbeetle,
volkswagen_tiguan,
volkswagen_touareg,
volkswagen_vanagon,
volvo_142,
volvo_145_wagon,
volvo_164,
volvo_240,
volvo_240_wagon,
volvo_242,
volvo_244,
volvo_245,
volvo_540,
volvo_670,
volvo_740,
volvo_740_wagon,
volvo_760,
volvo_760_wagon,
volvo_780,
volvo_840,
volvo_850,
volvo_850_wagon,
volvo_940,
volvo_940_wagon,
volvo_960,
volvo_960_wagon,
volvo_c30,
volvo_c40,
volvo_c70,
volvo_c70_convertible,
volvo_cx90,
volvo_pv444,
volvo_s40,
volvo_s60,
volvo_s70,
volvo_s80,
volvo_s90,
volvo_v40,
volvo_v50,
volvo_v70,
volvo_v90,
volvo_vnl,
volvo_xc60,
volvo_xc70,
volvo_xc90,
willys_cj2a,
willys_cj3b,
